Date	BR-TD	BR-D
1/21/2020	0	0
1/22/2020	0	0
1/23/2020	0	0
1/24/2020	0	0
1/25/2020	0	0
1/26/2020	0	0
1/27/2020	0	0
1/28/2020	0	0
1/29/2020	0	0
1/30/2020	0	0
1/31/2020	0	0
2/1/2020	0	0
2/2/2020	0	0
2/3/2020	0	0
2/4/2020	0	0
2/5/2020	0	0
2/6/2020	0	0
2/7/2020	0	0
2/8/2020	0	0
2/9/2020	0	0
2/10/2020	0	0
2/11/2020	0	0
2/12/2020	0	0
2/13/2020	0	0
2/14/2020	0	0
2/15/2020	0	0
2/16/2020	0	0
2/17/2020	0	0
2/18/2020	0	0
2/19/2020	0	0
2/20/2020	0	0
2/21/2020	0	0
2/22/2020	0	0
2/23/2020	0	0
2/24/2020	0	0
2/25/2020	0	0
2/26/2020	0	0
2/27/2020	0	0
2/28/2020	0	0
2/29/2020	0	0
3/1/2020	0	0
3/2/2020	0	0
3/3/2020	0	0
3/4/2020	0	0
3/5/2020	0	0
3/6/2020	0	0
3/7/2020	0	0
3/8/2020	0	0
3/9/2020	0	0
3/10/2020	0	0
3/11/2020	0	0
3/12/2020	0	0
3/13/2020	0	0
3/14/2020	0	0
3/15/2020	0	0
3/16/2020	0	0
3/17/2020	0	0
3/18/2020	0	0
3/19/2020	0	0
3/20/2020	0	0
3/21/2020	0	0
3/22/2020	0	0
3/23/2020	1	1
3/24/2020	1	0
3/25/2020	1	0
3/26/2020	1	0
3/27/2020	1	0
3/28/2020	1	0
3/29/2020	1	0
3/30/2020	1	0
3/31/2020	1	0
4/1/2020	1	0
4/2/2020	1	0
4/3/2020	1	0
4/4/2020	1	0
4/5/2020	1	0
4/6/2020	1	0
4/7/2020	1	0
4/8/2020	1	0
4/9/2020	1	0
4/10/2020	1	0
4/11/2020	1	0
4/12/2020	1	0
4/13/2020	1	0
4/14/2020	1	0
4/15/2020	1	0
4/16/2020	1	0
4/17/2020	2	1
4/18/2020	2	0
4/19/2020	2	0
4/20/2020	2	0
4/21/2020	2	0
4/22/2020	2	0
4/23/2020	2	0
4/24/2020	2	0
4/25/2020	2	0
4/26/2020	2	0
4/27/2020	2	0
4/28/2020	2	0
4/29/2020	2	0
4/30/2020	2	0
5/1/2020	3	1
5/2/2020	4	1
5/3/2020	4	0
5/4/2020	4	0
5/5/2020	4	0
5/6/2020	4	0
5/7/2020	5	1
5/8/2020	5	0
5/9/2020	5	0
5/10/2020	6	1
5/11/2020	6	0
5/12/2020	6	0
5/13/2020	7	1
5/14/2020	7	0
5/15/2020	7	0
5/16/2020	8	1
5/17/2020	8	0
5/18/2020	9	1
5/19/2020	9	0
5/20/2020	9	0
5/21/2020	10	1
5/22/2020	11	1
5/23/2020	11	0
5/24/2020	13	2
5/25/2020	14	1
5/26/2020	15	1
5/27/2020	15	0
5/28/2020	16	1
5/29/2020	17	1
5/30/2020	21	4
5/31/2020	23	2
6/1/2020	23	0
6/2/2020	24	1
6/3/2020	25	1
6/4/2020	28	3
6/5/2020	29	1
6/6/2020	29	0
6/7/2020	30	1
6/8/2020	31	1
6/9/2020	33	2
6/10/2020	34	1
6/11/2020	34	0
6/12/2020	35	1
6/13/2020	35	0
6/14/2020	0	0
